PN                                                                                                  ; CFF  ; MATR ;SN                                                 ;UNIDADE   ;STATUS               ;PJ ;SN CJM                                             ;MATR ;DIRETIVA TÉCNICA                         ;CFF   ;FADT             ;NAT ;ORDEM      ;CLA ;CAT ;TIPO INCORPORAÇÃO ;PRAZO INCORPORAÇÃO ;TAREFA       ;HORAS     ;RESCISÃO            ;OBJETIVO                                                                                                                                                                                                                                                                                                                                                                                                                                                                                                            
ANV A-29 ;001JK ;5914 ;31400018 ;2/5 GAV ;Ativo ;T2 ;31400018 ;5914 ;B.O. N°: 314-002/24 ;001JK ;LST234A240002100 ;BSC ;0 ;I ;R ;One-Time ; ;30400021697 ;0:00 ; ;FORNECER INFORMAÇÕES OPERACIONAIS SOBRE A REMOÇÃO DOS ALERTAS DE MISCOMPARE DE ATITUDE E PROA APÓS APLICAÇÃO DO BS314-42-0028 QUE REINSTALA A VERSÃO DE OFP 03.06.006.
ANV A-29 ;001JK ;5914 ;31400018 ;2/5 GAV ;Ativo ;T2 ;31400018 ;5914 ;BO 314-001-24 ;001JK ;LST200A240001500 ;BSC ;0 ;I ;R ;One-Time ; ;30400021686 ;0:00 ; ;ORIENTAR AOS PILOTOS QUE A ENTRADA DE DADOS DE DECLINAÇÃO MAGNÉTICA, NO SUBFORMATO NAV MISC NO UFCP, DEVE SER SOMENTE NO MODO MANUAL (MAN). O MODO AUTO NÃO DEVE SER UTILIZADO.
ANV A-29 ;001JK ;5914 ;31400018 ;2/5 GAV ;Ativo ;T2 ;31400018 ;5914 ;BO 314-001/16 ;001JK ;LST200A240000900 ;BSC ;0 ;I ;R ;One-Time ; ;30400021668 ;0:00 ; ;PROVER INFORMAÇÕES AOS PILOTOS DAS AERONAVES PÓS-MOD BS314-27-0034 E PÓS-MOD BS314-42-0016 QUE TRATAM DA SUBSTITUIÇÃO DO ATUADOR DO COMPENSADOR DO PROFUNDOR E DA ATUALIZAÇÃO DA OFP RESPECTIVAMENTE.
ANV A-29 ;001JK ;5914 ;31400018 ;2/5 GAV ;Ativo ;T2 ;31400018 ;5914 ;BO 314-001/19 ;001JK ;LST295A190002200 ;BSC ;0 ;I ;R ;One-Time ; ;30400019125 ;0:00 ; ;ATUALIZAR O LIMITE MÍNIMO E MÁXIMO DO PESO EQUIPADO DO PILOTO DE ACORDO COM O DOCUMENTO MARTIN-BAKER MB527A-SECTION 1 - CHAPTER 20.
ANV A-29 ;001JK ;5914 ;31400018 ;2/5 GAV ;Ativo ;T2 ;31400018 ;5914 ;BO 314-001/23 ;001JK ;LST234A240001300 ;BSC ;0 ;I ;R ;One-Time ; ;30400021683 ;0:00 ; ;O OBJETIVO DESTE BOLETIM OPERACIONAL É INFORMAR OS PILOTOS SOBRE PEQUENOS ITENS COM BAIXA PROBABILIDADE DE OCORRÊNCIA APÓS A INSTALAÇÃO DO SOFTWARE DO OFP VERSÃO 03.06.007.
ANV A-29 ;001JK ;5914 ;31400018 ;2/5 GAV ;Ativo ;T2 ;31400018 ;5914 ;BO 314-003/14 ;001JK ;LST234A240000800 ;BSC ;0 ;I ;R ;One-Time ; ;30400021663 ;0:00 ; ;PROVER INFORMAÇÕES AOS PILOTOS SOBRE ALERTA SONORO DE ESTOL QUANDO ESTIVER OPERANDO EM REGIÕES COM ALTA INTENSIDADE DE VENTO.
ANV A-29 ;001JK ;5914 ;31400018 ;2/5 GAV ;Ativo ;T2 ;31400018 ;5914 ;BS 314-24-0004 ;001JK ;LST224A170006300 ;BSC ;0 ;O ;R ;One-Time ; ;30400018895 ;1:24 ; ;REPOSICIONAR O CABO POSITIVO (W104) DA BATERIA PRINCIPAL USANDO BRAÇADEIRAS TIPO PRESILHA PARA SEPARÁ-LO DO CONJUNTO PORCA/PARAFUSO.
ANV A-29 ;001JK ;5914 ;31400018 ;2/5 GAV ;Ativo ;T2 ;31400018 ;5914 ;BS 314-27-0011 ;001JK ;LST227A060000300 ;BSC ;0 ;M ;I ;Repetitiva ;PARA AERONAVES COM MENOS DE 200 HORAS DE VÔO, A QUALQUER TEMPO ATÉ QUE A AERONAVE ATINJA 200 HORAS. PARA AERONAVES COM MAIS DE 200 HORAS, EXECUTAR A INSPEÇÃO IMEDIATAMENTE. ;30400013247 ;13:50 ; ;INSPECIONAR A HASTE DE CONEXÃO DA SUPERFÍCIE DO PROFUNDOR, INVERTER A DIREÇÃO DE MONTAGEM DE ALGUNS PARAFUSOS DE FIXAÇÃO DA MASSA DE BALANCEAMENTO E SUBSTITUIR OUTROS PARAFUSOS DE MENOR DIMENSÃO, ATÉ QUE SEJA IMPLEMANTADA UMA SOLUÇÃO.
ANV A-29 ;001JK ;5914 ;31400018 ;2/5 GAV ;Ativo ;T2 ;31400018 ;5914 ;BS 314-27-0016 ;001JK ;LST227A160000700 ;REV ;2 ;R ;R ;One-Time ; ;30400017821 ;12:00 ; ;SUBSTITUIR OS COMPONENTES DO MECANISMO DE ARTICULAÇÃO DA COMPENSAÇÃO DO LEME POR OUTROS COM BUCHAS DE DIFERENTE MATERIAL E TOLERÂNCIAS DIMENSIONAIS.
ANV A-29 ;001JK ;5914 ;31400018 ;2/5 GAV ;Ativo ;T2 ;31400018 ;5914 ;BS 314-27-0022 ;001JK ;LST227A160007801 ;BSC ;0 ;R ;R ;One-Time ; ;30400018381 ;0:00 ; ;RETRABALHAR A LUVA DA VÁLVULA SOLENÓIDE DO DISTRIBUIDOR HIDRÁULICO DO FREIO AERODINÂMICO.
ANV A-29 ;001JK ;5914 ;31400018 ;2/5 GAV ;Ativo ;T2 ;31400018 ;5914 ;BS 314-27-0024 ;001JK ;LST227A100004100 ;BSC ;0 ;M ;R ;One-Time ; ;30400015815 ;5:00 ; ;INSTALAR CHAPAS NAS COLUNAS DA ESTRUTURA DOS CONSOLES DIANTEIRO E TRASEIRO.
ANV A-29 ;001JK ;5914 ;31400018 ;2/5 GAV ;Ativo ;T2 ;31400018 ;5914 ;BS 314-27-0029 ;001JK ;LST227A160000900 ;REV ;1 ;R ;R ;One-Time ; ;30400017834 ;4:30 ; ;SUBSTITUIR O PINO DA DOBRADIÇA POR OUTRO QUE PERMITA A SUA FIXAÇÃO COM A UTILIZAÇÃO DE CONTRAPINO E ARRUELAS, SUBSTITUINDO O ANEL DE RETENÇÃO E OS ARAMES DE FRENO.
ANV A-29 ;001JK ;5914 ;31400018 ;2/5 GAV ;Ativo ;T2 ;31400018 ;5914 ;BS 314-27-0035 ;001JK ;LST227A160000100 ;BSC ;0 ;R ;R ;One-Time ; ;30400017819 ;2:30 ; ;SUBSTITUIR O ATUADOR LINEAR DO COMPENSADOR DO LEME.
ANV A-29 ;001JK ;5914 ;31400018 ;2/5 GAV ;Ativo ;T2 ;31400018 ;5914 ;BS 314-27-A026 ;001JK ;LST227A090001100 ;BSC ;0 ;M ;I ;Repetitiva ; ;30400015329 ;0:00 ; ;INSPECIONAR VISUALMENTE OS BRAÇOS E GUINHÓIS DE CONTROLE DO LEME QUANTO AO DESLOCAMENTO DE SUAS RÓTULAS.
ANV A-29 ;001JK ;5914 ;31400018 ;2/5 GAV ;Ativo ;T2 ;31400018 ;5914 ;BS 314-28-0006 ;001JK ;LST228A150009800 ;BSC ;0 ;R ;R ;One-Time ; ;30400017775 ;0:00 ; ;SUBSTITUIR AS BRAÇADEIRAS E CORDOALHAS DE METALIZAÇÃO POR OUTRAS QUE ATENDAM AOS REQUISITOS DE FIXAÇÃO E RESISTÊNCIA À TEMPERATURA DE OPERAÇÃO DO COMBUSTÍVEL.  ESPERA-SE COM ESTE BOLETIM GARANTIR A CORRETA FIXAÇÃO DAS BRAÇADEIRAS E EVITAR DANOS ÀS  CORDOALHAS SALVAGUARDANDO-SE ASSIM A METALIZAÇÃO DO SISTEMA.
ANV A-29 ;001JK ;5914 ;31400018 ;2/5 GAV ;Ativo ;T2 ;31400018 ;5914 ;BS 314-28-0006 ;001JK ;LST228A150009800 ;BSC ;0 ;R ;R ;One-Time ; ;30400017813 ;0:00 ; ;SUBSTITUIR AS BRAÇADEIRAS E CORDOALHAS DE METALIZAÇÃO POR OUTRAS QUE ATENDAM AOS REQUISITOS DE FIXAÇÃO E RESISTÊNCIA À TEMPERATURA DE OPERAÇÃO DO COMBUSTÍVEL.  ESPERA-SE COM ESTE BOLETIM GARANTIR A CORRETA FIXAÇÃO DAS BRAÇADEIRAS E EVITAR DANOS ÀS  CORDOALHAS SALVAGUARDANDO-SE ASSIM A METALIZAÇÃO DO SISTEMA.
ANV A-29 ;001JK ;5914 ;31400018 ;2/5 GAV ;Ativo ;T2 ;31400018 ;5914 ;BS 314-28-0008 ;001JK ;LST228A150009900 ;REV ;1 ;R ;R ;One-Time ; ;30400017776 ;3:00 ; ;APLICAR SELANTE EM TODA A REGIÃO DE INSTALAÇÃO DA BOMBA DE COMBUSTÍVEL, ONDE FOI ENCONTRADA A MENOR ESPESSURA DO REVESTIMENTO. ESPERA-SE COM ESTA DIRETIVA RECOMPOR O SISTEMA QUANTO À PROTEÇÃO CONTRA IMPACTO DE RAIOS.
ANV A-29 ;001JK ;5914 ;31400018 ;2/5 GAV ;Ativo ;T2 ;31400018 ;5914 ;BS 314-28-0008 ;001JK ;LST228A150009900 ;REV ;1 ;R ;R ;One-Time ; ;30400017818 ;0:00 ; ;APLICAR SELANTE EM TODA A REGIÃO DE INSTALAÇÃO DA BOMBA DE COMBUSTÍVEL, ONDE FOI ENCONTRADA A MENOR ESPESSURA DO REVESTIMENTO. ESPERA-SE COM ESTA DIRETIVA RECOMPOR O SISTEMA QUANTO À PROTEÇÃO CONTRA IMPACTO DE RAIOS.
ANV A-29 ;001JK ;5914 ;31400018 ;2/5 GAV ;Ativo ;T2 ;31400018 ;5914 ;BS 314-28-0018 ;001JK ;LST228A230001100 ;BSC ;0 ;M ;R ;One-Time ; ;30400021519 ;0:00 ; ;SUBSTITUIR OS TUBOS DA LINHA DE TRANSFERÊNCIA DE COMBUSTÍVEL DO TANQUE VENTRAL.
ANV A-29 ;001JK ;5914 ;31400018 ;2/5 GAV ;Ativo ;T2 ;31400018 ;5914 ;BS 314-32-0010 ;001JK ;LST232A080000101 ;BSC ;0 ;R ;R ;One-Time ; ;30400018935 ;4:00 ; ;REENCAMINHAMENTO DA CABLAGEM W410.  
ANV A-29 ;001JK ;5914 ;31400018 ;2/5 GAV ;Ativo ;T2 ;31400018 ;5914 ;BS 314-32-0018 ;001JK ;LST232A240002700 ;BSC ;0 ;M ;I ;One-Time ; ;30400021717 ;0:00 ; ;INSPECIONAR VISUALMENTE O CONJUNTO DO GUINHOL PARA DETECTAR POSSÍVEIS SINAIS DE DESGASTE, DANOS OU TRINCAS ENTRE O ROLAMENTO E O ALOJAMENTO DO CONJUNTO DO GUINHOL. ESSA INSPEÇÃO DEVERÁ SER REPETIDA ATÉ QUE ESTE CONJUNTO SEJA SUBSTITUÍDO DE ACORDO COM A PARTE II DESTE BOLETIM.
ANV A-29 ;001JK ;5914 ;31400018 ;2/5 GAV ;Ativo ;T2 ;31400018 ;5914 ;BS 314-33-0002 ;001JK ;LST233A170007500 ;BSC ;0 ;O ;R ;One-Time ; ;30400018917 ;17:30 ; ;SUBSTITUIR OS CONJUNTOS DE LUZES DE NAVEGAÇÃO POR LEDS.
ANV A-29 ;001JK ;5914 ;31400018 ;2/5 GAV ;Ativo ;T2 ;31400018 ;5914 ;BS 314-52-0002 ;001JK ;LST252A150011700 ;REV ;1 ;R ;R ;One-Time ; ;30400017793 ;1:00 ; ;SUBSTITUIÇÃO DA ARRUELA DE FRENO DO MECANISMO DE TRAVAMENTO DA CAPOTA POR UMA DE MAIOR EFICIÊNCIA DE FIXAÇÃO.
ANV A-29 ;001JK ;5914 ;31400018 ;2/5 GAV ;Ativo ;T2 ;31400018 ;5914 ;BS 314-52-0003 ;001JK ;LST252A150010900 ;BSC ;0 ;M ;R ;One-Time ; ;30400017785 ;1:00 ; ;SUBSTITUIÇÃO DAS ARRUELAS DE FRENO DO MECANISMO DE TRAVAMENTO DA CAPOTA POR OUTRAS DE MAIOR EFICIÊNCIA DE FIXAÇÃO.
ANV A-29 ;001JK ;5914 ;31400018 ;2/5 GAV ;Ativo ;T2 ;31400018 ;5914 ;BS 314-53-0001 ;001JK ;LST253A150011000 ;BSC ;0 ;R ;R ;One-Time ; ;30400017786 ;6:00 ; ;SUBSTITUIR A INSCRIÇÃO DE ORIENTAÇÃO PARA A ABERTURA DE EMERGÊNCIA DO CANOPI ATUAL POR OUTRA QUE ESTEJA DE ACORDO COM OS PROCEDIMENTOS DE SEGURANÇA DE OPERAÇÃO DA AERONAVE.
ANV A-29 ;001JK ;5914 ;31400018 ;2/5 GAV ;Ativo ;T2 ;31400018 ;5914 ;BS 314-53-0014 ;001JK ;LST253A080000300 ;BSC ;0 ;M ;R ;One-Time ; ;30400013929 ;7:00 ; ;SUBSTITUIR A PORTA DE TOMADA DE FORÇA EXISTENTE POR OUTRA QUE UTILIZA UM OUTRO SISTEMA DE ARTICULAÇÃO.
ANV A-29 ;001JK ;5914 ;31400018 ;2/5 GAV ;Ativo ;T2 ;31400018 ;5914 ;BS 314-53-0024 ;001JK ;LST253A150011100 ;BSC ;0 ;R ;R ;One-Time ; ;30400017787 ;8:00 ; ;DAR INSTRUÇÕES PARA A SUBSTITUIÇÃO DO SUPORTE DO TUBO DE PRESSÃO DO SISTEMA DE COMBUSTÍVEL.
ANV A-29 ;001JK ;5914 ;31400018 ;2/5 GAV ;Ativo ;T2 ;31400018 ;5914 ;BS 314-53-0025 ;001JK ;LST253A170006600 ;BSC ;0 ;R ;R ;One-Time ; ;30400018897 ;0:11 ; ;INSTALAR CHAPAS NAS BASES DE APOIO DOS PÉS DO PILOTO.
ANV A-29 ;001JK ;5914 ;31400018 ;2/5 GAV ;Ativo ;T2 ;31400018 ;5914 ;BS 314-53-0026 ;001JK ;LST253A190001900 ;REV ;1 ;R ;R ;One-Time ; ;30400020618 ;0:00 ; ;SUBSTITUIÇÃO DOS SUPORTES DO BLOCO INICIADOR INSTALADOS NA CAPOTA DA CABINE DE PILOTAGEM.
ANV A-29 ;001JK ;5914 ;31400018 ;2/5 GAV ;Ativo ;T2 ;31400018 ;5914 ;BS 314-55-0012 ;001JK ;LST200A210002900 ;REV ;1 ;M ;U ;One-Time ; ;30400020972 ;22:00 ; ;INSPECIONAR VISUALMENTE A NERVURA RAIZ DA SUPERFÍCIE DO COMPENSADOR DOS PROFUNDORES QUANTO À EXISTÊNCIA DE TRNICAS E, SE NECESSÁRIOS, SUBSTITUIÍ-LA.
ANV A-29 ;001JK ;5914 ;31400018 ;2/5 GAV ;Ativo ;T2 ;31400018 ;5914 ;BS 314-55-0013 ;001JK ;LST255A260000100 ;BSC ;0 ;M ;R ;One-Time ; ;30400022074 ;0:00 ; ;ORIENTAR OPERADORES SOBRE OS PROCEDIMENTOS DE INSPEÇÃO E, SE NECESSÁRIO,O REPARO DA ESTRUTURA DAS FERRAGENS-BATENTE DO PROFUNDOR E A INSTALAÇÃO DOS PARAFUSOS DO BALANCIM NA DIREÇÃO CORRETA.
ANV A-29 ;001JK ;5914 ;31400018 ;2/5 GAV ;Ativo ;T2 ;31400018 ;5914 ;BS 314-55-0013 ;001JK ;LST255A260000100 ;BSC ;0 ;M ;R ;One-Time ; ;30400022075 ;0:00 ; ;ORIENTAR OPERADORES SOBRE OS PROCEDIMENTOS DE INSPEÇÃO E, SE NECESSÁRIO,O REPARO DA ESTRUTURA DAS FERRAGENS-BATENTE DO PROFUNDOR E A INSTALAÇÃO DOS PARAFUSOS DO BALANCIM NA DIREÇÃO CORRETA.
ANV A-29 ;001JK ;5914 ;31400018 ;2/5 GAV ;Ativo ;T2 ;31400018 ;5914 ;BS 314-55-0013 ;001JK ;LST255A260000100 ;BSC ;0 ;M ;R ;One-Time ; ;30400022076 ;0:00 ; ;ORIENTAR OPERADORES SOBRE OS PROCEDIMENTOS DE INSPEÇÃO E, SE NECESSÁRIO,O REPARO DA ESTRUTURA DAS FERRAGENS-BATENTE DO PROFUNDOR E A INSTALAÇÃO DOS PARAFUSOS DO BALANCIM NA DIREÇÃO CORRETA.
ANV A-29 ;001JK ;5914 ;31400018 ;2/5 GAV ;Ativo ;T2 ;31400018 ;5914 ;BS 314-55-0013 ;001JK ;LST255A260000100 ;BSC ;0 ;M ;R ;One-Time ; ;30400022077 ;0:00 ; ;ORIENTAR OPERADORES SOBRE OS PROCEDIMENTOS DE INSPEÇÃO E, SE NECESSÁRIO,O REPARO DA ESTRUTURA DAS FERRAGENS-BATENTE DO PROFUNDOR E A INSTALAÇÃO DOS PARAFUSOS DO BALANCIM NA DIREÇÃO CORRETA.
ANV A-29 ;001JK ;5914 ;31400018 ;2/5 GAV ;Ativo ;T2 ;31400018 ;5914 ;BS 314-55-0013 ;001JK ;LST255A260000100 ;BSC ;0 ;M ;R ;One-Time ; ;30400022078 ;0:00 ; ;ORIENTAR OPERADORES SOBRE OS PROCEDIMENTOS DE INSPEÇÃO E, SE NECESSÁRIO,O REPARO DA ESTRUTURA DAS FERRAGENS-BATENTE DO PROFUNDOR E A INSTALAÇÃO DOS PARAFUSOS DO BALANCIM NA DIREÇÃO CORRETA.
ANV A-29 ;001JK ;5914 ;31400018 ;2/5 GAV ;Ativo ;T2 ;31400018 ;5914 ;BS 314-55-0013 ;001JK ;LST255A260000100 ;BSC ;0 ;M ;R ;One-Time ; ;30400022079 ;0:00 ; ;ORIENTAR OPERADORES SOBRE OS PROCEDIMENTOS DE INSPEÇÃO E, SE NECESSÁRIO,O REPARO DA ESTRUTURA DAS FERRAGENS-BATENTE DO PROFUNDOR E A INSTALAÇÃO DOS PARAFUSOS DO BALANCIM NA DIREÇÃO CORRETA.
ANV A-29 ;001JK ;5914 ;31400018 ;2/5 GAV ;Ativo ;T2 ;31400018 ;5914 ;BS 314-55-A003 ;001JK ;LST255A090001900 ;REV ;2 ;M ;U ;Repetitiva ; ;30400015612 ;0:00 ; ;INSPECIONAR VISUALMENTE, UTILIZANDO LUPA ( 8 A 10X ), O PERFIL L E ANERVURA DA RAIZ QUANTO À EXISTÊNCIA DE TRINCAS.
ANV A-29 ;001JK ;5914 ;31400018 ;2/5 GAV ;Ativo ;T2 ;31400018 ;5914 ;BS 314-57-0005 ;001JK ;LST257A150011600 ;BSC ;0 ;R ;R ;One-Time ; ;30400017791 ;2:00 ; ;CRAVAÇÃO NA LONGARINA 70% ENTRE AS NERVURAS 7 E 8
ANV A-29 ;001JK ;5914 ;31400018 ;2/5 GAV ;Ativo ;T2 ;31400018 ;5914 ;BS 314-57-0007 ;001JK ;LST200S130001400 ;BSC ;0 ;R ;R ;One-Time ; ;30400017050 ;7:00 ; ;SUBSTITUIR OS MEIOS DE FIXAÇÃO DO BORDO DE ATAQUE DE PARAFUSO E PORCA-FLANGE POR PINO E RECEPTÁCULO LIVELOCK.
ANV A-29 ;001JK ;5914 ;31400018 ;2/5 GAV ;Ativo ;T2 ;31400018 ;5914 ;BS 314-57-0009 ;001JK ;LST200A230002700 ;REV ;3 ;R ;R ;One-Time ; ;30400021631 ;0:00 ; ;SUBSTITUIR AS FERRAGENS DA SUPERFÍCIE DE COMANDO DO AILERON PARA CORREÇÃO DA INTERCAMBIABILIDADE.
ANV A-29 ;001JK ;5914 ;31400018 ;2/5 GAV ;Ativo ;T2 ;31400018 ;5914 ;BS 314-76-0004 ;001JK ;LST276A220006400 ;REV ;1 ;M ;R ;One-Time ; ;30400021429 ;0:00 ; ;UTILIZAR OUTRO MICRO INTERRUPTOR JÁ INSTALADO E REFAZER AS INTERLIGAÇÕES ELÉTRICAS.
ANV A-29 ;001JK ;5914 ;31400018 ;2/5 GAV ;Ativo ;T2 ;31400018 ;5914 ;BS 314-95-0001 ;001JK ;LST295A130001800 ;REV ;2 ;R ;R ;One-Time ; ;30400017091 ;2:00 ; ;MONTAR OS CABOS DE AÇO COM FOLGA NAS DUAS EXTREMIDADES (INICIADOR E CARRETÉIS) E REQUERER A UTILIZAÇÃO DO PINO DE SEGURANÇA DURANTE AS TAREFAS DE MANUTENÇÃO DA AERONAVE.
ANV A-29 ;001JK ;5914 ;31400018 ;2/5 GAV ;Ativo ;T2 ;31400018 ;5914 ;BS314-21-0007 ;B768$ ;LST221A240003500 ;REV ;2 ;M ;R ;One-Time ; ;30400021770 ;0:00 ; ;SUBSTITUIR O DUTO FLEXÍVEL DO SISTEMA DE VENTILAÇÃO DE EMERGÊNCIA.
ANV A-29 ;001JK ;5914 ;31400018 ;2/5 GAV ;Ativo ;T2 ;31400018 ;5914 ;BS314-21-0007 ;B768$ ;LST221A240003500 ;REV ;2 ;M ;R ;One-Time ; ;30400021771 ;0:00 ; ;SUBSTITUIR O DUTO FLEXÍVEL DO SISTEMA DE VENTILAÇÃO DE EMERGÊNCIA.
ANV A-29 ;001JK ;5914 ;31400018 ;2/5 GAV ;Ativo ;T2 ;31400018 ;5914 ;BS314-21-0009 ;B768$ ;LST221A240001200 ;REV ;1 ;M ;R ;One-Time ; ;30400021679 ;0:00 ; ;ORIENTAR OPERADOR SOBRE A SUBSTITUIÇÃO DOS CABOS DIANTEIROS E TRASEIROS DO SISTEMA DE VENTILAÇÃO DE EMERGÊNCIA.
ANV A-29 ;001JK ;5914 ;31400018 ;2/5 GAV ;Ativo ;T2 ;31400018 ;5914 ;BS314-21-0010 ;001JK ;LST221A240003600 ;REV ;1 ;R ;R ;One-Time ; ;30400021772 ;0:00 ; ;FORNECER INSTRUÇÕES NECESSÁRIAS PARA A INSTALAÇÃO DOS NOVOS PONTOS DE FIXAÇÃO DO DUTO FLEXÍVEL DO SISTEMA DE VENTILAÇÃO DE EMERGÊNCIA.
ANV A-29 ;001JK ;5914 ;31400018 ;2/5 GAV ;Ativo ;T2 ;31400018 ;5914 ;BS314-27-0047 ;001JK ;LST227A240003700 ;REV ;1 ;M ;R ;One-Time ; ;30400021775 ;0:00 ; ;INSPECIONAR A HASTE DE CONEXÃO DO AILERON QUANTO A DANOS E/OU DESGASTES E, SE NECESSÁRIO, SUBSTITUÍ-LA OU RETRABALHÁ-LA.
ANV A-29 ;001JK ;5914 ;31400018 ;2/5 GAV ;Ativo ;T2 ;31400018 ;5914 ;BS314-27-0047 ;001JK ;LST227A240003700 ;REV ;1 ;M ;R ;One-Time ; ;30400021773 ;0:00 ; ;INSPECIONAR A HASTE DE CONEXÃO DO AILERON QUANTO A DANOS E/OU DESGASTES E, SE NECESSÁRIO, SUBSTITUÍ-LA OU RETRABALHÁ-LA.
ANV A-29 ;001JK ;5914 ;31400018 ;2/5 GAV ;Ativo ;T2 ;31400018 ;5914 ;BS314-27-0047 ;001JK ;LST227A240003700 ;REV ;1 ;M ;R ;One-Time ; ;30400021774 ;0:00 ; ;INSPECIONAR A HASTE DE CONEXÃO DO AILERON QUANTO A DANOS E/OU DESGASTES E, SE NECESSÁRIO, SUBSTITUÍ-LA OU RETRABALHÁ-LA.
ANV A-29 ;001JK ;5914 ;31400018 ;2/5 GAV ;Ativo ;T2 ;31400018 ;5914 ;BS314-28-0025 ;001JK ;LST228A160006700 ;BSC ;0 ;R ;R ;One-Time ; ;30400018068 ;16:00 ; ;SUBSTITUIÇÃO DE TUBOS DE REABASTECIMENTO/DESTANQUEIO DO SSITEMA DE COMBUSTIVEL POR OUTROS DE NOVA GEOMETRIA
ANV A-29 ;001JK ;5914 ;31400018 ;2/5 GAV ;Ativo ;T2 ;31400018 ;5914 ;BS314-28-0029 ;B768$ ;LST200A220004700 ;REV ;1 ;M ;U ;One-Time ; ;30400021349 ;8:30 ; ;MODIFICAR O SISTEMA DE TRANFERÊNCIA DE COMBUSTÍVEL PARA EVITAR SOBREPRESSÃO.
ANV A-29 ;001JK ;5914 ;31400018 ;2/5 GAV ;Ativo ;T2 ;31400018 ;5914 ;BS314-29-0003 ;001JK ;LST229A200005900 ;REV ;1 ;M ;U ;One-Time ; ;30400020617 ;17:30 ; ;INSPECIONAR O TUBO HIDRÁULICO INSTALADO NA REGIÃO DO CAIXÃO ENTRAL, QUE PODE RESULTAR EM VAZAMENTO DE FLUIDO HIDRÁULICO.
ANV A-29 ;001JK ;5914 ;31400018 ;2/5 GAV ;Ativo ;T2 ;31400018 ;5914 ;BS314-29-0004 ;B768$ ;LST229A200000500 ;BSC ;0 ;M ;U ;One-Time ; ;30400020346 ;0:00 ; ;SUBSTITUIR O TUBO HIDRÁULICO DE REABASTECIMENTO E ALTERAR SUA ROTA.
ANV A-29 ;001JK ;5914 ;31400018 ;2/5 GAV ;Ativo ;T2 ;31400018 ;5914 ;BS314-32-0020 ;001JK ;LST232A250001300 ;REV ;2 ;M ;R ;One-Time ; ;30400021859 ;0:00 ; ;ORIENTAR OPERADORES QUANTO A EXECUÇÃO DE UM REPARO ESPECIAL NOS DIÂMETROS DOS MANCAIS INFERIORES E SUPERIORES DO CILINDRO DO TREM DE POUSO DE NARIZ COM O OBJETIVO DE REMOVER SINAIS DE DANOS E/OU CORROSÃO NESTA REGIÃO.
ANV A-29 ;001JK ;5914 ;31400018 ;2/5 GAV ;Ativo ;T2 ;31400018 ;5914 ;BS314-32-0027 ;001JK ;LST232A240002400 ;BSC ;0 ;R ;R ;One-Time ; ;30400021711 ;0:00 ; ;ORIENTAR O OPERADOR SOBRE A REMOÇÃO O CABO DO DESCARREGADOR DE ESTÁTICA DO TREM DE POUSO DO NARIZ.
ANV A-29 ;001JK ;5914 ;31400018 ;2/5 GAV ;Ativo ;T2 ;31400018 ;5914 ;BS314-32-0028 ;001JK ;LST232A250004700 ;BSC ;0 ;M ;R ;One-Time ; ;30400022007 ;0:00 ; ;ORIENTAR OPERADOR QUANTO À INSPEÇÃO DA HASTE DE TRAVAMENTO SECUNDÁRIA DO TREM DE POUSO DE NARIZ E, SE NECESSÁRIO, A INSTALAÇÃO DO ARAME DE FRENO.
ANV A-29 ;001JK ;5914 ;31400018 ;2/5 GAV ;Ativo ;T2 ;31400018 ;5914 ;BS314-34-0005 ;001JK ;LST234A250003200 ;REV ;1 ;R ;R ;One-Time ; ;30400021916 ;0:00 ; ;FORNECER AO OPERADOR INSTRUÇÕES NECESSÁRIAS PARA A REMOÇÃO DO INDICADOR DE ATITUDE DE EMERGÊNCIA.
ANV A-29 ;001JK ;5914 ;31400018 ;2/5 GAV ;Ativo ;T2 ;31400018 ;5914 ;BS314-55-0009 ;001JK ;LST207A190002500 ;BSC ;0 ;R ;R ;One-Time ; ;30400020139 ;0:00 ; ;SUBSTITUIR A NERVURA 3 (ZV=630) DO ESTABILIZADOR VERTICAL E INSTALAR REFORÇOS ESTRUTURAIS.
ANV A-29 ;001JK ;5914 ;31400018 ;2/5 GAV ;Ativo ;T2 ;31400018 ;5914 ;BS314-55-0010 ;001JK ;LST255A190000800 ;BSC ;0 ;M ;R ;One-Time ; ;30400019103 ;0:00 ; ;O PRESENTE BOLETIM TÉCNICO DESCREVE OS PROCEDIMENTOS PARA SUBSTITUIÇÃO DA NERVURA ZV=1432 DO ESTABILIZADOR VERTICAL
ANV A-29 ;001JK ;5914 ;31400018 ;2/5 GAV ;Ativo ;T2 ;31400018 ;5914 ;BS314-71-0006 ;001JK ;LST271A240004200 ;REV ;2 ;M ;R ;One-Time ; ;30400021815 ;0:00 ; ;ORIENTAR OPERADOR QUANTO À ALTERAÇÃO DO TORQUE DA FIXAÇÕES DO SISTEMA DE DETECÇÃO DE FOGO DO MOTOR EQUIPADO.
ANV A-29 ;001JK ;5914 ;31400018 ;2/5 GAV ;Ativo ;T2 ;31400018 ;5914 ;BS314-71-0006 ;001JK ;LST271A240004200 ;REV ;2 ;M ;R ;One-Time ; ;30400021814 ;0:00 ; ;ORIENTAR OPERADOR QUANTO À ALTERAÇÃO DO TORQUE DA FIXAÇÕES DO SISTEMA DE DETECÇÃO DE FOGO DO MOTOR EQUIPADO.
ANV A-29 ;001JK ;5914 ;31400018 ;2/5 GAV ;Ativo ;T2 ;31400018 ;5914 ;BS314-71-0007 ;001JK ;LST271A240003000 ;BSC ;0 ;M ;R ;One-Time ; ;30400021723 ;0:00 ; ;ORIENTAR OPERADOR SOBRE O RETRABALHO DAS TRAVAS DOS GANCHOS DO CAPÔ TRASEIRO DO MOTOR E SOBRE A SUBSTITUIÇÃO DOS PARAFUSOS QUE FIXAM O PAINEL DE ACESSO 121BL.
ANV A-29 ;001JK ;5914 ;31400018 ;2/5 GAV ;Ativo ;T2 ;31400018 ;5914 ;BS314-79-0005 ;001JK ;LST279A240003100 ;BSC ;0 ;M ;R ;One-Time ; ;30400021724 ;0:00 ; ;ORIENTAR OPERADOR SOBRE A INSPEÇÃO DO RADIADOR DE ÓLEO DO MOTOR.
ANV A-29 ;001JK ;5914 ;31400018 ;2/5 GAV ;Ativo ;T2 ;31400018 ;5914 ;BS314-85-0004 ;B768$ ;LST285A200004600 ;BSC ;0 ;R ;R ;One-Time ; ;30400020527 ;11:00 ; ;EXECUTAR MODIFICAÇÃO ELÉTRICA NO SISTEMA DE GERAÇÃO DE FUMAÇA.
ANV A-29 ;001JK ;5914 ;31400018 ;2/5 GAV ;Ativo ;T2 ;31400018 ;5914 ;BS314-95-0005 ;001JK ;LST295A250001100 ;REV ;1 ;M ;R ;One-Time ; ;30400021856 ;0:00 ; ;FORNECER ORIENTAÇÕES PARA SUBSTITUIÇÃO DO SUPORTE DO CONECTOR ELÉTRICO DO ASSENTO EJETÁVEL TRASEIRO.
ANV A-29 ;001JK ;5914 ;31400018 ;2/5 GAV ;Ativo ;T2 ;31400018 ;5914 ;BS314-95-0006 ;001JK ;LST295A250004200 ;REV ;1 ;M ;R ;One-Time ; ;30400021980 ;0:00 ; ;ORIENTAR OS OPERADORES SOBRE OS PROCEDIMENTOS PARA A INSPEÇÃO DAS LINHAS DE TRANSMISSÃO (TLX) DOS SISTEMAS DE SEPARAÇÃO E FRAGILIZAÇÃO DA CAPOTA QUANTO À PRESENÇA DE ACÚMULO DE ÁGUA E, SE NECESSÁRIO, SUBSTITUIR AS LINHAS DE TRANSFERÊNCIA (TLX) DOS COMPONENTES ACOPLADOS, E APLICAR O TORQUE FINAL NELAS.
ANV A-29 ;001JK ;5914 ;31400018 ;2/5 GAV ;Ativo ;T2 ;31400018 ;5914 ;BS314-95-0009 ;001JK ;LST295A250003600 ;BSC ;0 ;M ;R ;One-Time ; ;30400021957 ;0:00 ; ;ORIENTAR OPERADORES QUANTO AO REPARO DOS CONJUNTOS DE FRAGILIZAÇÃO DA CAPOTA PN 16296200-1 E PN 16296200-2, E DO CONJUNTO DE SEPARAÇÃO DA CAPOTA PN 52410-3.
ANV A-29 ;001JK ;5914 ;31400018 ;2/5 GAV ;Ativo ;T2 ;31400018 ;5914 ;BS314-95-0009 ;001JK ;LST295A250003600 ;BSC ;0 ;M ;R ;One-Time ; ;30400021958 ;0:00 ; ;ORIENTAR OPERADORES QUANTO AO REPARO DOS CONJUNTOS DE FRAGILIZAÇÃO DA CAPOTA PN 16296200-1 E PN 16296200-2, E DO CONJUNTO DE SEPARAÇÃO DA CAPOTA PN 52410-3.
ANV A-29 ;001JK ;5914 ;31400018 ;2/5 GAV ;Ativo ;T2 ;31400018 ;5914 ;BS314-95-A007 ;001JK ;LST295A250000200 ;BSC ;0 ;M ;I ;One-Time ; ;30400021844 ;0:00 ; ;ORIENTAR OPERADORES QUANTO REALIZAÇÃO DA INSPEÇÃO VISUAL DOS CONJUNTOS DE FRAGILIZAÇÃO DA CAPOTA PN 16296200-1 E PN 16296200-2, E DO CONJUNTO DE SEPARAÇÃO DA CAPOTA PN 52410-3, QUANTO À PRESENÇA DE DELAMINAÇÃO, DESCOLAMENTO OU SEPARAÇÃO DESCASCAMENTO/LEVANTAMENTO DO SUPORTE DA CARGA DA FITA DE FILME DE POLIÉSTER.
ANV A-29 ;001JK ;5914 ;31400018 ;2/5 GAV ;Ativo ;T2 ;31400018 ;5914 ;BS314-95-A007 ;001JK ;LST295A250003700 ;REV ;1 ;M ;U ;One-Time ; ;30400021960 ;0:00 ; ;ORIENTAR O OPERADOR QUANTO AOS PROCEDIMENTOS SOBRE A INSPEÇÃO VISUAL DOS CONJUNTOS DE FRAGILIZAÇÃO DA CAPOTA PN 16296200-1 E PN 16296200-2, E DO CONJUNTO DE SEPARAÇÃO DA CAPOTA PN 52410-3, QUANTO À PRESENÇA DE DELAMINAÇÃO, DESCOLAMENTO OU SEPARAÇÃO DO SUPORTE DE CARGA DA FITA DE FILME DE POLIESTER.
ANV A-29 ;001JK ;5914 ;31400018 ;2/5 GAV ;Ativo ;T2 ;31400018 ;5914 ;BS314-95-A007 ;001JK ;LST295A250000200 ;BSC ;0 ;M ;I ;One-Time ; ;30400021845 ;0:00 ; ;ORIENTAR OPERADORES QUANTO REALIZAÇÃO DA INSPEÇÃO VISUAL DOS CONJUNTOS DE FRAGILIZAÇÃO DA CAPOTA PN 16296200-1 E PN 16296200-2, E DO CONJUNTO DE SEPARAÇÃO DA CAPOTA PN 52410-3, QUANTO À PRESENÇA DE DELAMINAÇÃO, DESCOLAMENTO OU SEPARAÇÃO DESCASCAMENTO/LEVANTAMENTO DO SUPORTE DA CARGA DA FITA DE FILME DE POLIÉSTER.
ANV A-29 ;001JK ;5914 ;31400018 ;2/5 GAV ;Ativo ;T2 ;31400018 ;5914 ;BS314-95-A007 ;001JK ;LST295A250003700 ;REV ;1 ;M ;U ;One-Time ; ;30400021959 ;0:00 ; ;ORIENTAR O OPERADOR QUANTO AOS PROCEDIMENTOS SOBRE A INSPEÇÃO VISUAL DOS CONJUNTOS DE FRAGILIZAÇÃO DA CAPOTA PN 16296200-1 E PN 16296200-2, E DO CONJUNTO DE SEPARAÇÃO DA CAPOTA PN 52410-3, QUANTO À PRESENÇA DE DELAMINAÇÃO, DESCOLAMENTO OU SEPARAÇÃO DO SUPORTE DE CARGA DA FITA DE FILME DE POLIESTER.
ANV A-29 ;001JK ;5914 ;31400018 ;2/5 GAV ;Ativo ;T2 ;31400018 ;5914 ;BS_314-24-0001 ;001JK ;LST200A130001700 ;BSC ;0 ;R ;R ;One-Time ; ;30400017090 ;5:30 ; ;PROTEGER OS CABOS DAS CABLAGENS W282 E W283 COM ESPAGUETE TERMORRESTRINGENTE PN DR-25-3/4 JUNTO AOS TERMINAIS J0063-2 E J0063-3.
ANV A-29 ;001JK ;5914 ;31400018 ;2/5 GAV ;Ativo ;T2 ;31400018 ;5914 ;BT LS 04-367 A-29 001 ;0079K ;LST205S200000800 ;REV ;6 ;M ;R ;Repetitiva ; ;30400020429 ;0:00 ; ;LEVAR AO CONHECIMENTO DOS OPERADORES OS OCMPONENTES E ACESSÓRIOS PERTECENTES À AERONAVE A-29 QUE DEVEM SER CONTROLADOS ATRAVÉS DO LIVRO DE REGISTRO DE AERONAVES (LRA) E RELATÓRIO DE VOO, BEM COMO DEFINIR O TIPO DE CONTROLE A SER CUMPRIDO PARA CADA ITEM.
ANV A-29 ;001JK ;5914 ;31400018 ;2/5 GAV ;Ativo ;T2 ;31400018 ;5914 ;BT LS 13-451 A-29 005 ;0079K ;LST205A150002500 ;REV ;1 ;O ;R ;Repetitiva ; ;30400017666 ;1:30 ; ;ESTABELCER INFORMAÇÕES COMPLEMENTARES PARA A REALIZAÇÃO DE VOO DE EXPERIÊNCIA DAS UNIDADES OPERACIONAIS DA AERONAVE A-29.
ANV A-29 ;001JK ;5914 ;31400018 ;2/5 GAV ;Ativo ;T2 ;31400018 ;5914 ;BT LS 18 489 A-29 012 ;0079K ;LST205A180001600 ;BSC ;0 ;O ;R ;One-Time ; ;30400019049 ;0:00 ; ;DETERMINAR MODIFICAÇÕES NO SISTEMA DE FECHAMENTO DO PORTA MAPAS DO A-29 COM O INTUITO DE MELHORAR O SEU FUNCIONAMENTO E INIBIR ABERTURAS INADVERTIDAS.
ANV A-29 ;001JK ;5914 ;31400018 ;2/5 GAV ;Ativo ;T2 ;31400018 ;5914 ;BT LS 19 496 A-29 014 ;0079K ;LST205A190004100 ;BSC ;0 ;M ;R ;Repetitiva ; ;30400019419 ;0:00 ; ;APRESENTAR O PROGRAMA DE MANUTENÇÃO DA AERONAVE A-29 E ADEQUAR AS INSPEÇÕES REALIZADAS PELA FROTA DA FAB AO MANUAL INDICADO MAIS RECENTE DO FABRICANTE.
ANV A-29 ;001JK ;5914 ;31400018 ;2/5 GAV ;Ativo ;T2 ;31400018 ;5914 ;BT LS 20 504 A-29 016 ;0079K ;LST233A200003800 ;BSC ;0 ;O ;R ;One-Time ; ;30400020483 ;0:00 ; ;SUBSTITUIÇÃO DOS FARÓIS DE ATERRAGEM INCANDESCENTES (PN Q4681) POR FARÓIS DE LED (PN 01-0790433-00) NAS AERONAVES A-29.
ANV A-29 ;001JK ;5914 ;31400018 ;2/5 GAV ;Ativo ;T2 ;31400018 ;5914 ;ETD CC-262943 ;001JK ;LST255A240001100 ;BSC ;0 ;R ;R ;One-Time ; ;30400021673 ;0:00 ; ;ORIENTAR OPERADOR QUANTO AOS PROCEDIMENTOS A SEREM ADOTADOS PARA O REPARO DE DELAMINAÇÃO/DESCOLAMENTO DA LONGARINA DO LEME DE DIREÇÃO.
ANV A-29 ;001JK ;5914 ;31400018 ;2/5 GAV ;Ativo ;T2 ;31400018 ;5914 ;ETD GTN-0137/2014 ;001JK ;LST232A140000300 ;BSC ;0 ;M ;R ;Repetitiva ; ;30400017185 ;2:00 ; ;DIMINUIR A INCIDÊNCIA DE CORROSÃO NAS CAPAS EXTERNAS DOS ROLAMENTOS DA RODA DO TREM DE POUSO AUXILIAR.
ANV A-29 ;001JK ;5914 ;31400018 ;2/5 GAV ;Ativo ;T2 ;31400018 ;5914 ;ETD GTN-0319/2010 ;001JK ;LST227A100000600 ;BSC ;0 ;O ;R ;One-Time ; ;30400015633 ;0:00 ; ;RETRABALHO NA FERRAGEM PN 314-12621-402  PARA ACERTO DA INTERFERÊNCIA DO PARAFUSO DE FIXAÇÃO DA MASSA DE BALANCEAMENTO DO PROFUNDOR COM A RESPECTIVA FERRAGEM.
ANV A-29 ;001JK ;5914 ;31400018 ;2/5 GAV ;Ativo ;T2 ;31400018 ;5914 ;ETD2020-314-161356 ;B768$ ;LST228A200000900 ;BSC ;0 ;O ;R ;One-Time ; ;30400020437 ;0:00 ; ;A SEGUINTE ETD TEM A FINALIDADE DE ATENDER AOS RECORRENTES REPORTES DE DESBALANCEAMENTO DE COMBUSTÍVEL DAS AERONAVES A-29B NA ALA 10, POR MEIO DO REPOSICIONAMENTO DAS BOMBAS DE COMBUSTÍVEL.
ANV A-29 ;001JK ;5914 ;31400018 ;2/5 GAV ;Ativo ;T2 ;31400018 ;5914 ;ETD2021-314-201906 ;001JK ;LST275A210006200 ;BSC ;0 ;M ;R ;One-Time ; ;30400021041 ;0:00 ; ;VALIDAÇÃO DE EXTENSÃO DO REQUISITO DE MANUTENÇÃO 35-41-02-001 ¿ DIS ¿ FILTRO DO CONCENTRADOR DE 300 FH PARA 350 FH.
ANV A-29 ;001JK ;5914 ;31400018 ;2/5 GAV ;Ativo ;T2 ;31400018 ;5914 ;ETD2022-314-204212 ;B768$ ;LST200A220002400 ;REV ;A ;M ;U ;One-Time ; ;30400021227 ;0:00 ; ;REALIZAR INSPEÇÃO DE BUCHAS NAS FITTINGS DO SPEED BREAK.
ANV A-29 ;001JK ;5914 ;31400018 ;2/5 GAV ;Ativo ;T2 ;31400018 ;5914 ;ETD2022-314-215284 ;B768$ ;LST227A220003300 ;BSC ;0 ;R ;R ;One-Time ; ;30400021252 ;0:00 ; ;FORNECER UM PROCEDIMENTO TEMPORÁRIO DE FITTING DAS BUCHAS DO SUPORTE DO SPEED BREAK COM O SUPORTE A FIM DE ESTENDER A DISPONIBLIDADE DAS AERONAVES DA FROTA A-29 ATÉ QUE SEJA POSSÍVEL SUBSTITUIR NOVOS SUPORTES DE INSTALAÇÃO DAS BUCHAS.
ANV A-29 ;001JK ;5914 ;31400018 ;2/5 GAV ;Ativo ;T2 ;31400018 ;5914 ;ETD2023-314-238421 ;001JK ;LST295A230000500 ;BSC ;0 ;I ;I ;One-Time ; ;30400021473 ;0:00 ; ;ORIENTAR OPERADOR SOBRE A EXTENSÃO DA VIDA LIMITE DOS CORDÕES EXPLOSIVOS.
ANV A-29 ;001JK ;5914 ;31400018 ;2/5 GAV ;Ativo ;T2 ;31400018 ;5914 ;ETD: GPO-0619/2014 ;001JK ;LST255A150004400 ;REV ;A ;M ;U ;Repetitiva ; ;30400017731 ;2:00 ; ;ORIENTAR O OPERADOR PARA A REALIZAÇÃO DE UMA INSPEÇÃO VISUAL NAS NERVURAS E REVESTIMENTOS DO ESTABILIZADOR VERTICAL
ANV A-29 ;001JK ;5914 ;31400018 ;2/5 GAV ;Ativo ;T2 ;31400018 ;5914 ;ETD: GPO-0619/2014 ;001JK ;LST255A150004400 ;REV ;A ;M ;U ;Repetitiva ; ;30400017732 ;2:00 ; ;ORIENTAR O OPERADOR PARA A REALIZAÇÃO DE UMA INSPEÇÃO VISUAL NAS NERVURAS E REVESTIMENTOS DO ESTABILIZADOR VERTICAL
ANV A-29 ;001JK ;5914 ;31400018 ;2/5 GAV ;Ativo ;T2 ;31400018 ;5914 ;ETD: GPO-0938/2016 ;001JK ;LST279A160004000 ;BSC ;0 ;R ;I ;One-Time ; ;30400017928 ;0:00 ; ;REPASSAR ORIENTAÇÃO DO FORNECEDOR DO RADIADOR DE ÓLEO (PN L8602878-2)
ANV A-29 ;001JK ;5914 ;31400018 ;2/5 GAV ;Ativo ;T2 ;31400018 ;5914 ;ETD: GPO-0942/2014 ;001JK ;LST227A140003300 ;BSC ;0 ;O ;R ;One-Time ; ;30400017523 ;12:00 ; ;QUANDO HOUVER RELATO DE FOLGA NO MANCHE PARA O PROFUNDOR, ESTA FOLGA DEVE SER INVESTIGADA, POIS PODE ESTAR EM OUTRA PARTE DA CADEIA DE COMANDO DO PROFUNDOR QUE NÃO O MANCHE. O PROCEDIMENTO DESCRITO NESTA ETD TEM ESSE OBJETIVO.
ANV A-29 ;001JK ;5914 ;31400018 ;2/5 GAV ;Ativo ;T2 ;31400018 ;5914 ;ETD: GPO-1461/2015 ;001JK ;LST200A200000200 ;REV ;2 ;M ;U ;Repetitiva ; ;30400020214 ;0:00 ; ;RECOMENDAR AOS OPERADORES DA AERONAVE EMB-314 SUPER TUCANO QUE PROCEDAM COM INSPEÇÃO BORÓSCÓPICA NA ÁREA DAS FERRAGENS PN'S 314-04241-003, 314-04241-004, 314-04242-401, 314-02998-001, 314-04243-401 EM BUSCA DE TRINCAS, CONFORME ETD.   ESTA REVISÃO ANULA E SUBSTITUI TODAS AS DISPOSIÇÕES ANTERIORES REFERENTES AO OBJETO DESTA ETD.
ANV A-29 ;001JK ;5914 ;31400018 ;2/5 GAV ;Ativo ;T2 ;31400018 ;5914 ;ETD: GPO-1854/2016 ;001JK ;LST227A170006001 ;BSC ;0 ;I ;R ;Repetitiva ; ;30400020141 ;0:00 ; ;ORIENTAR PROCEDIMENTO PADRÃO DE PESQUISA DE PANES APÓS EVENTO DE SUSPEITA DE ATUAÇÃO NÃO COMANDADA DO ATUADOR COMPENSADOR DO PROFUNDOR.
ANV A-29 ;001JK ;5914 ;31400018 ;2/5 GAV ;Ativo ;T2 ;31400018 ;5914 ;ETD: GTN-0641/2013 ;001JK ;LST271A140000700 ;REV ;1 ;O ;U ;One-Time ; ;30400017238 ;8:00 ; ;A PRESENTE DISPOSIÇÃO OBJETIVA PROPORCIONAR UM REPARO PADRÃO E INDIVIDUALIZADO PARA A REGIÃO EM TORNO DE CADA FECHO (6 UNIDADES), DEVENDO SER EMPREGADO CASO A CASO SOMENTE QUANDO DO SURGIMENTO DE TRINCAS NO REVESTIMENTO DO CAPÔ EM TORNO DOS FECHOS.  ESTA DISPOSIÇÃO É DE CARÁTER INTERINO E POR TEMPO INDETERMINADO ATÉ A CONFECÇÃO DA SOLUÇÃO DEFINITIVA.
ANV A-29 ;001JK ;5914 ;31400018 ;2/5 GAV ;Ativo ;T2 ;31400018 ;5914 ;ETD: GTN-0641/2013 ;001JK ;LST271A140002600 ;REV ;2 ;O ;U ;Repetitiva ; ;30400017365 ;1:00 ; ;A PRESENTE DISPOSIÇÃO OBJETIVA PROPORCIONAR UM REPARO PADRÃO E INDIVIDUALIZADO PARA A REGIÃO EM TORNO DE CADA FECHO (6 UNIDADES), DEVENDO SER EMPREGADO CASO A CASO SOMENTE QUANDO DO SURGIMENTO DE TRINCAS NO REVESTIMENTO DO CAPÔ EM TORNO DOS FECHOS. ESTA DISPOSIÇÃO É DE CARÁTER INTERINO E POR TEMPO INDETERMINADO ATÉ A CONFECÇÃO DA SOLUÇÃO DEFINITIVA.
ANV A-29 ;001JK ;5914 ;31400018 ;2/5 GAV ;Ativo ;T2 ;31400018 ;5914 ;ETD: GTN-0641/2013 ;001JK ;LST271A140000700 ;REV ;1 ;O ;U ;Repetitiva ; ;30400017239 ;1:00 ; ;A PRESENTE DISPOSIÇÃO OBJETIVA PROPORCIONAR UM REPARO PADRÃO E INDIVIDUALIZADO PARA A REGIÃO EM TORNO DE CADA FECHO (6 UNIDADES), DEVENDO SER EMPREGADO CASO A CASO SOMENTE QUANDO DO SURGIMENTO DE TRINCAS NO REVESTIMENTO DO CAPÔ EM TORNO DOS FECHOS.  ESTA DISPOSIÇÃO É DE CARÁTER INTERINO E POR TEMPO INDETERMINADO ATÉ A CONFECÇÃO DA SOLUÇÃO DEFINITIVA.
ANV A-29 ;001JK ;5914 ;31400018 ;2/5 GAV ;Ativo ;T2 ;31400018 ;5914 ;ETD: GTN-0641/2013 ;001JK ;LST271A140002600 ;REV ;2 ;O ;U ;One-Time ; ;30400017364 ;8:00 ; ;A PRESENTE DISPOSIÇÃO OBJETIVA PROPORCIONAR UM REPARO PADRÃO E INDIVIDUALIZADO PARA A REGIÃO EM TORNO DE CADA FECHO (6 UNIDADES), DEVENDO SER EMPREGADO CASO A CASO SOMENTE QUANDO DO SURGIMENTO DE TRINCAS NO REVESTIMENTO DO CAPÔ EM TORNO DOS FECHOS. ESTA DISPOSIÇÃO É DE CARÁTER INTERINO E POR TEMPO INDETERMINADO ATÉ A CONFECÇÃO DA SOLUÇÃO DEFINITIVA.
ANV A-29 ;001JK ;5914 ;31400018 ;2/5 GAV ;Ativo ;T2 ;31400018 ;5914 ;ETD: GTN-1761/2014 ;001JK ;LST228A190003600 ;REV ;2 ;M ;R ;Repetitiva ; ;30400019190 ;0:00 ; ;DETALHAR INSPEÇÕES PARA MITIGAÇÃO DE POSSÍVEIS FALHAS DO SISTEMA DE INDICAÇÃO DE QUANTIDADE DE COMBUSTÍVEL.
ANV A-29 ;001JK ;5914 ;31400018 ;2/5 GAV ;Ativo ;T2 ;31400018 ;5914 ;ETD:GPO-0002/2018 ;001JK ;LST251A180001301 ;BSC ;0 ;M ;R ;Repetitiva ; ;30400019057 ;0:00 ; ;REMOÇÃO E PREVENÇÃO DA CORROSÃO NA REGIÃO DO SEPARADOR INERCIAL.
ANV A-29 ;001JK ;5914 ;31400018 ;2/5 GAV ;Ativo ;T2 ;31400018 ;5914 ;ETD:GPO-0002/2018 ;001JK ;LST251A180001301 ;BSC ;0 ;M ;R ;Repetitiva ; ;30400019056 ;0:00 ; ;REMOÇÃO E PREVENÇÃO DA CORROSÃO NA REGIÃO DO SEPARADOR INERCIAL.
ANV A-29 ;001JK ;5914 ;31400018 ;2/5 GAV ;Ativo ;T2 ;31400018 ;5914 ;ETD:GPO-0002/2018 ;001JK ;LST251A180001301 ;BSC ;0 ;M ;R ;Repetitiva ; ;30400019055 ;0:00 ; ;REMOÇÃO E PREVENÇÃO DA CORROSÃO NA REGIÃO DO SEPARADOR INERCIAL.
ANV A-29 ;001JK ;5914 ;31400018 ;2/5 GAV ;Ativo ;T2 ;31400018 ;5914 ;ETD:GPO-1170/2015 ;001JK ;LST228A150004300 ;REV ;A ;M ;U ;One-Time ; ;30400017726 ;3:00 ; ;ORIENTAR PROCEDIMENTOS DE INSPEÇÃO E PROTEÇÃO NO TUBO DE ABASTECIMENTO 314-05984-401 E DA VÁLVULA DE CORTE PN AV16B2130D2 EM VIRTUDE DE OCORRÊNCIA DE ATRITO ENTRE AS MESMAS.
ANV A-29 ;001JK ;5914 ;31400018 ;2/5 GAV ;Ativo ;T2 ;31400018 ;5914 ;ETD:GPO-1170/2015 ;001JK ;LST228A150004300 ;REV ;A ;M ;U ;Repetitiva ; ;30400017725 ;3:00 ; ;ORIENTAR PROCEDIMENTOS DE INSPEÇÃO E PROTEÇÃO NO TUBO DE ABASTECIMENTO 314-05984-401 E DA VÁLVULA DE CORTE PN AV16B2130D2 EM VIRTUDE DE OCORRÊNCIA DE ATRITO ENTRE AS MESMAS.
ANV A-29 ;001JK ;5914 ;31400018 ;2/5 GAV ;Ativo ;T2 ;31400018 ;5914 ;ETD:GPO-1170/2015 ;001JK ;LST228A150004300 ;REV ;A ;M ;U ;Repetitiva ; ;30400017727 ;3:00 ; ;ORIENTAR PROCEDIMENTOS DE INSPEÇÃO E PROTEÇÃO NO TUBO DE ABASTECIMENTO 314-05984-401 E DA VÁLVULA DE CORTE PN AV16B2130D2 EM VIRTUDE DE OCORRÊNCIA DE ATRITO ENTRE AS MESMAS.
ANV A-29 ;001JK ;5914 ;31400018 ;2/5 GAV ;Ativo ;T2 ;31400018 ;5914 ;IT GTN-1652/08 ;001JK ;LST233A100000100 ;BSC ;0 ;I ;R ;One-Time ; ;30400015616 ;0:00 ; ;ESSA IT VISA ESCLARECER AOS OPERADORES A FORMA DE INSTALÇÃO DO NOVO FAROL DE TAXI PN 4394909 DO FORNECEDOR ECE.
ANV A-29 ;001JK ;5914 ;31400018 ;2/5 GAV ;Ativo ;T2 ;31400018 ;5914 ;IT LS 10-201 A-29 004 ;0079K ;LST271A100001200 ;BSC ;0 ;M ;R ;Repetitiva ; ;30400015652 ;1:00 ; ; PADRONIZAR A TRAMITAÇÃO DAS INFORMAÇÕES SOBRE A OPERAÇÃO DOS MOTORES PT6A-68C, OBTIDAS PELO PROGRAMA GBS LITE, ENTRE OS OPERADORES DAS AERONAVES A-29 E A ASSESSORIA TÉCNICA DO MOTOR NO PAMA-LS.
ANV A-29 ;001JK ;5914 ;31400018 ;2/5 GAV ;Ativo ;T2 ;31400018 ;5914 ;IT LS 14-228 A-29 009 ;0079K ;LST200A220000300 ;REV ;2 ;M ;R ;One-Time ; ;30400021139 ;0:00 ; ;ESTA INSTRUÇÃO TÉCNICA VERSA SOBRE OS PROCEDIMENTOS A SEREM EXECUTADOS DURANTE A PARADA DA AERONAVE EM ESTACIONAMENTOS CURTOS OU PROLONGADOS (ESTOCAGEM).
ANV A-29 ;001JK ;5914 ;31400018 ;2/5 GAV ;Ativo ;T2 ;31400018 ;5914 ;IT LS 14-228 A-29 009 ;0079K ;LST200A220000300 ;REV ;2 ;M ;R ;One-Time ; ;30400021140 ;0:00 ; ;ESTA INSTRUÇÃO TÉCNICA VERSA SOBRE OS PROCEDIMENTOS A SEREM EXECUTADOS DURANTE A PARADA DA AERONAVE EM ESTACIONAMENTOS CURTOS OU PROLONGADOS (ESTOCAGEM).
ANV A-29 ;001JK ;5914 ;31400018 ;2/5 GAV ;Ativo ;T2 ;31400018 ;5914 ;IT LS 14-228 A-29 009 ;0079K ;LST200A220000300 ;REV ;2 ;M ;R ;One-Time ; ;30400021141 ;0:00 ; ;ESTA INSTRUÇÃO TÉCNICA VERSA SOBRE OS PROCEDIMENTOS A SEREM EXECUTADOS DURANTE A PARADA DA AERONAVE EM ESTACIONAMENTOS CURTOS OU PROLONGADOS (ESTOCAGEM).
ANV A-29 ;001JK ;5914 ;31400018 ;2/5 GAV ;Ativo ;T2 ;31400018 ;5914 ;IT LS 14-228 A-29 009 ;0079K ;LST200A220000300 ;REV ;2 ;M ;R ;One-Time ; ;30400021142 ;0:00 ; ;ESTA INSTRUÇÃO TÉCNICA VERSA SOBRE OS PROCEDIMENTOS A SEREM EXECUTADOS DURANTE A PARADA DA AERONAVE EM ESTACIONAMENTOS CURTOS OU PROLONGADOS (ESTOCAGEM).
ANV A-29 ;001JK ;5914 ;31400018 ;2/5 GAV ;Ativo ;T2 ;31400018 ;5914 ;IT LS 14-228 A-29 009 ;0079K ;LST200A220000300 ;REV ;2 ;M ;R ;One-Time ; ;30400021137 ;0:00 ; ;ESTA INSTRUÇÃO TÉCNICA VERSA SOBRE OS PROCEDIMENTOS A SEREM EXECUTADOS DURANTE A PARADA DA AERONAVE EM ESTACIONAMENTOS CURTOS OU PROLONGADOS (ESTOCAGEM).
ANV A-29 ;001JK ;5914 ;31400018 ;2/5 GAV ;Ativo ;T2 ;31400018 ;5914 ;IT LS 14-228 A-29 009 ;0079K ;LST200A220000300 ;REV ;2 ;M ;R ;One-Time ; ;30400021138 ;0:00 ; ;ESTA INSTRUÇÃO TÉCNICA VERSA SOBRE OS PROCEDIMENTOS A SEREM EXECUTADOS DURANTE A PARADA DA AERONAVE EM ESTACIONAMENTOS CURTOS OU PROLONGADOS (ESTOCAGEM).
ANV A-29 ;001JK ;5914 ;31400018 ;2/5 GAV ;Ativo ;T2 ;31400018 ;5914 ;IT LS 14-233 A-29 010 ;0079K ;LST231A140002403 ;BSC ;0 ;M ;R ;Repetitiva ; ;30400019433 ;0:30 ; ;ORIENTAR O OPERADOR PARA A REALIZAÇÃO DE UMA INSPEÇÃO QUANTO À CORRETA FIXAÇÃO DO SENSOR DE POSIÇÃO (RVDT) O AILERON DA AERONAVE A-29.
ANV A-29 ;001JK ;5914 ;31400018 ;2/5 GAV ;Ativo ;T2 ;31400018 ;5914 ;IT LS 19-271 A-29 016 ;0079K ;LST227A190002701 ;BSC ;0 ;I ;R ;Repetitiva ; ;30400020126 ;0:00 ; ;DETALHAR E PADRONIZAR PROCEDIMENTO PARA PREPARO E ENVIO DOS DADOS PARA ANÁLISE EM CASO DE SUSPEITA DE DISPARO DOS ATUADORES DO COMPENSADOR DO PROFUNDOR E DO AILERON.
ANV A-29 ;001JK ;5914 ;31400018 ;2/5 GAV ;Ativo ;T2 ;31400018 ;5914 ;IT LS 22 320 A29 021 ;0079K ;LST200A220005200 ;BSC ;0 ;R ;R ;One-Time ; ;30400021400 ;0:00 ; ;INFORMAR OS PROCEDIMENTOS NECESSÁRIOS PARA INSTALAR UM REFORÇO NA ESTRUTURA DO SUPORTE DA TOMADA EXTERNA DAS AERONAVES A-29.  
ANV A-29 ;001JK ;5914 ;31400018 ;2/5 GAV ;Ativo ;T2 ;31400018 ;5914 ;IT LS 23-329 GRL 001 ;0079K ;LST200A230003400 ;BSC ;0 ;I ;R ;One-Time ; ;30400021656 ;0:00 ; ;ESTABELECER UM PROCEDIMENTO DE COMUNICAÇÃO ENTRE OS ENTES ENVOLVIDOS EM UM REPORTE DE FALHA CATEGORIA 1, EM CONCORDÂNCIA COM O QUE É DESCRITO NA ICA 65-39 - GESTÃO DE DADOS DE  DEFEITOS  E  DIFICULDADES  EM  SERVIÇO  RELATIVAS  A  MATERIAL AERONÁUTICO.
ANV A-29 ;001JK ;5914 ;31400018 ;2/5 GAV ;Ativo ;T2 ;31400018 ;5914 ;IT LS07-182 GRL 003 ;0079K ;LST209A080001300 ;BSC ;0 ;R ;R ;One-Time ; ;30400014028 ;0:00 ; ;ESTABELECER PROCEDIMENTOS A SEREM SEGUIDOS PELOS OPERADORES E SETORES DO PAMALS PARA SOLICITAÇÕES DE ASSESSORAMENTO TÉCNICO ÀS ASSESSORIAS TÉCNICAS DE PROJETOS À SUBDIVISÃO DE ENGENHARIA DO PAMALS.
ANV A-29 ;001JK ;5914 ;31400018 ;2/5 GAV ;Ativo ;T2 ;31400018 ;5914 ;IT LS09-197 A-29 003 ;0079K ;LST261A090001600 ;BSC ;0 ;M ;I ;Repetitiva ; ;30400015551 ;6:00 ; ;ESTABELECER OS PROCEDIMENTOS DE MONTAGEM E DESMONTAGEM DAS BRAÇADEIRAS ÀS PÁS DAS HÉLICES DA AERONAVE A-29, PN: B5A10001SKD
ANV A-29 ;001JK ;5914 ;31400018 ;2/5 GAV ;Ativo ;T2 ;31400018 ;5914 ;IT_GTN-1515/2009 ;001JK ;LST232A240001800 ;BSC ;0 ;M ;R ;Repetitiva ; ;30400021691 ;0:00 ; ;ESTA IT VISA FORNECER INSTRUÇÕES AOS OPERADORES PARA EXECUTAR A PROTEÇÃO CONTRA CORROSÃO NOS TUBOS HIDRÁULICOS LOCALIZADOS NAS BAIAS DOS TRENS DE POUSO.
ANV A-29 ;001JK ;5914 ;31400018 ;2/5 GAV ;Ativo ;T2 ;31400018 ;5914 ;NPO 314-25-0001 ;001JK ;LST225A250002700 ;BSC ;0 ;M ;R ;One-Time ; ;30400021881 ;0:00 ; ;ORIENTAÇÕES AOS OPERADORES SOBRE INSPEÇÃO NOS PAINÉIS LATERAIS DOS POSTOS DE PILOTAGEM.
ANV A-29 ;001JK ;5914 ;31400018 ;2/5 GAV ;Ativo ;T2 ;31400018 ;5914 ;NPO 314-28-0012 ;B768$ ;LST200A200002600 ;BSC ;0 ;M ;U ;Repetitiva ; ;30400020440 ;0:00 ; ;INFORMAR AOS OPERADORES SOBRE A DESCONTINUAÇÃO DO BIOCIDA KATHON FP 1.5 PARA USO EM COMBUSTÍVEL DE AVIAÇÃO.
ANV A-29 ;001JK ;5914 ;31400018 ;2/5 GAV ;Ativo ;T2 ;31400018 ;5914 ;NPO 314-53-0001 ;001JK ;LST253A250002300 ;BSC ;0 ;I ;R ;One-Time ; ;30400021870 ;0:00 ; ;INFORMAR AOS OPERADORES A NECESSIDADE DA CONTINUIDADE DA APLICAÇÃO DO BOLETIM DE SERVIÇO DA INSTALAÇÃO DE REFORÇOS ESTRUTURAIS NA REGIÃO DE FIXAÇÃO DO ASSENTO EJETÁVEL TRASEIRO.
ANV A-29 ;001JK ;5914 ;31400018 ;2/5 GAV ;Ativo ;T2 ;31400018 ;5914 ;NPO 314-95-0008 ;001JK ;LST295A250002200 ;BSC ;0 ;I ;R ;One-Time ; ;30400021869 ;0:00 ; ;ORIENTAR OPERADOR QUANTO A CORRETA FIXAÇÃO DO PARAFUSO E DA PORCA DE NYLON NO CONJUNTO SHACKLE, DE ACORDO COM A SPECIAL INFORMATION LEAFLET N. 930 - SAFETY ADVISORY EMITIDA PELA MARTIN-BAKER.
ANV A-29 ;001JK ;5914 ;31400018 ;2/5 GAV ;Ativo ;T2 ;31400018 ;5914 ;NPO 314-97-0001 ;001JK ;LST231A190003701 ;REV ;1 ;I ;R ;Repetitiva ; ;30400020132 ;0:00 ; ;ESTABELECER OS PROCEDIMENTOS DE COLETA DE DADOS DO DTC PARA INVESTIGAÇÃO DA POSSÍVEL ATUAÇÃO DO INTERRUPTOR DO  COMPENSADOR DO PROFUNDOR OU AILERON.
ANV A-29 ;001JK ;5914 ;31400018 ;2/5 GAV ;Ativo ;T2 ;31400018 ;5914 ;NPO 314-97-0002 ;001JK ;LST100A180000201 ;BSC ;0 ;I ;R ;Repetitiva ; ;30400020131 ;0:20 ; ;ESTE DOCUMENTO TEM POR FINALIDADE A COLETA DE DADOS DO DTC,VADR E VÍDEO DO HUD/CMFD PARA AVALIAÇÃO DE ENGENHARIA QUANTO A POSSÍVEL ATUAÇÃO INADVERTIDA DO INTERRUPTOR DO COMPENSADOR DO PROFUNDOR.
